jerome:Jerome Alet <alet@librelogiciel.com>
jalet:Jerome Alet <alet@librelogiciel.com>
matt:Matt Hyclak <hyclak@math.ohiou.edu>
stefan:Stefan Wold <stefan.wold@it.su.se>
jamuel:Jamuel P. Starkey <jamuel@my740il.com>
